sleep_log_entry_id,timestamp,overall_score,composition_score,revitalization_score,duration_score,deep_sleep_in_minutes,resting_heart_rate,restlessness
32203289647,2021-05-17T08:29:00Z,82,20,20,42,89,65,0.13071895424836602
32187445655,2021-05-16T09:58:00Z,84,22,20,42,101,65,0.1279847182425979
32175779755,2021-05-15T11:26:00Z,88,23,19,46,107,64,0.10895660203139428
32162580675,2021-05-14T08:30:00Z,79,17,22,40,53,67,0.1024390243902439
32151329206,2021-05-13T10:09:00Z,84,22,20,42,84,66,0.122533748701973
32151329205,2021-05-12T08:25:30Z,79,21,20,38,81,66,0.16610169491525423
32125196735,2021-05-11T08:01:30Z,80,21,22,37,79,66,0.0911300121506683
32125196734,2021-05-10T09:31:00Z,81,21,21,39,65,65,0.09243697478991597
32125196733,2021-05-09T09:44:30Z,83,21,20,42,51,65,0.09282700421940929
32125196731,2021-05-08T09:25:00Z,81,22,20,39,83,65,0.10526315789473684
32125196730,2021-05-07T08:44:30Z,81,21,21,39,68,65,0.11261261261261261
32054326794,2021-05-06T08:43:00Z,80,21,20,39,70,67,0.13801452784503632
32054326793,2021-05-05T09:28:30Z,84,22,20,42,98,67,0.13150147203140333
32028791104,2021-05-04T10:50:00Z,76,21,19,36,40,67,0.14745308310991956
32018973825,2021-05-03T09:35:00Z,81,21,19,41,104,66,0.15838509316770186
32018973824,2021-05-02T10:01:30Z,78,21,18,39,73,66,0.14232558139534884
32018973823,2021-05-01T06:11:30Z,68,19,20,29,55,66,0.09361702127659574
31975272877,2021-04-30T08:50:00Z,80,23,17,40,107,65,0.1649269311064718
31960123057,2021-04-29T09:22:30Z,83,22,19,42,93,67,0.1550468262226847
31949073501,2021-04-28T08:58:00Z,84,23,19,42,110,69,0.1536050156739812
31949073500,2021-04-27T08:20:00Z,78,22,19,37,93,69,0.12430011198208286
31949073499,2021-04-26T09:11:30Z,77,21,18,38,71,70,0.1990686845168801
31949073498,2021-04-25T08:58:30Z,74,19,19,36,62,70,0.1316818774445893
31892655544,2021-04-24T11:04:30Z,85,23,17,45,107,69,0.18664383561643835
31891767320,2021-04-23T07:58:00Z,71,21,19,31,49,69,0.12115732368896925
31866549184,2021-04-22T09:32:00Z,77,21,20,36,71,67,0.10841983852364476
31852877418,2021-04-21T08:41:30Z,85,22,18,45,92,68,0.15835520559930008
31834859540,2021-04-20T07:35:30Z,76,20,20,36,46,69,0.15012722646310434
31824715796,2021-04-19T06:25:30Z,73,21,18,34,80,68,0.1437578814627995
31809630834,2021-04-18T10:17:30Z,82,22,18,42,113,68,0.18241042345276873
31808685357,2021-04-17T09:45:00Z,74,21,19,34,63,68,0.13689700130378096
31808685356,2021-04-16T09:51:30Z,81,21,20,40,75,68,0.13018322082931533
31769980241,2021-04-15T08:43:30Z,80,21,20,39,80,66,0.0832313341493268
31755466004,2021-04-14T09:34:00Z,81,22,19,40,93,66,0.1391484942886812
31755466003,2021-04-13T10:06:30Z,86,22,18,46,106,66,0.11531365313653137
31755466002,2021-04-12T08:17:30Z,77,21,19,37,51,66,0.10512820512820513
31707660071,2021-04-11T08:27:30Z,82,21,19,42,95,67,0.16510903426791276
31707660070,2021-04-10T07:38:00Z,77,21,16,40,43,67,0.09637305699481866
31707660069,2021-04-09T08:52:00Z,81,22,20,39,90,68,0.1504739336492891
31673040141,2021-04-08T07:23:30Z,80,18,20,42,92,70,0.14331550802139037
31653483948,2021-04-07T11:59:30Z,81,22,18,41,89,68,0.16203259827420902
31642708280,2021-04-06T10:06:30Z,81,22,18,41,94,67,0.18026183282980865
31622062956,2021-04-05T10:08:30Z,82,22,18,42,91,69,0.17266187050359713
31608775821,2021-04-04T10:29:30Z,80,22,18,40,86,69,0.16175071360608945
31595160584,2021-04-03T10:19:00Z,81,22,19,40,88,70,0.1623686723973257
31582481277,2021-04-02T09:18:00Z,75,20,18,37,66,69,0.19143239625167335
31570189228,2021-04-01T09:27:00Z,85,20,20,45,111,70,0.14443422263109476
31560037422,2021-03-31T09:03:00Z,84,22,19,43,92,70,0.11752360965372508
31560037421,2021-03-30T08:21:30Z,81,21,18,42,76,70,0.16505894962486603
31560037420,2021-03-29T09:00:00Z,78,22,19,37,98,69,0.15112540192926044
31560037419,2021-03-28T10:40:30Z,81,23,16,42,107,69,0.21280788177339902
31560037418,2021-03-27T09:30:00Z,83,22,20,41,94,70,0.14124872057318322
31560037417,2021-03-26T09:20:30Z,76,21,21,34,73,70,0.13127413127413126
31474855704,2021-03-25T09:24:00Z,82,22,19,41,99,71,0.16844349680170576
31474855703,2021-03-24T08:54:30Z,80,21,20,39,87,71,0.1431693989071038
31474855702,2021-03-23T08:30:00Z,88,22,20,46,105,70,0.15463917525773196
31474855701,2021-03-22T08:09:30Z,79,21,20,38,82,70,0.12998712998713
31422326030,2021-03-21T05:33:00Z,69,20,20,29,63,70,0.12014134275618374
31408874943,2021-03-20T10:40:00Z,89,22,20,47,92,72,0.11038961038961038
31396982300,2021-03-19T06:58:30Z,70,21,19,30,46,70,0.10708661417322834
31376784030,2021-03-18T10:05:30Z,84,22,20,42,97,70,0.13108242303872888
31363777672,2021-03-17T06:26:00Z,78,21,22,35,76,71,0.1085383502170767
31363777670,2021-03-16T03:14:00Z,67,17,22,28,52,71,0.08235294117647059
31363777669,2021-03-15T13:39:30Z,62,20,13,29,30,71,0.22248803827751196
31363777667,2021-03-14T11:46:30Z,75,21,17,37,74,71,0.18297331639135958
31363777666,2021-03-13T10:38:00Z,82,24,17,41,127,70,0.1771539206195547
31294142059,2021-03-12T08:20:30Z,73,21,16,36,81,68,0.13728129205921938
31294142058,2021-03-11T09:43:00Z,84,22,19,43,99,68,0.13602550478214664
31264008171,2021-03-10T09:10:30Z,87,22,19,46,85,69,0.13500482160077146
31256140276,2021-03-09T07:56:30Z,77,21,20,36,75,69,0.11664482306684142
31256140275,2021-03-08T08:02:00Z,77,21,20,36,77,69,0.12951807228915663
31256140274,2021-03-07T08:11:00Z,77,22,19,36,83,68,0.11173974540311174
31256140273,2021-03-06T12:19:30Z,80,22,19,39,99,68,0.13745704467353953
31256140272,2021-03-05T09:11:30Z,70,20,17,33,61,68,0.15022091310751104
31183907787,2021-03-04T08:54:30Z,85,24,20,41,124,68,0.12270531400966184
31183907786,2021-03-03T07:37:30Z,52,21,12,19,41,68,0.22929936305732485
31160314187,2021-03-02T07:53:00Z,69,20,18,31,75,66,0.12129380053908356
31137645004,2021-03-01T08:11:00Z,79,22,20,37,88,67,0.12899106002554278
31126195810,2021-02-28T11:10:00Z,89,23,19,47,119,66,0.12944664031620554
31126195809,2021-02-27T09:02:30Z,80,20,20,40,75,66,0.12711022840119166
31126195808,2021-02-26T10:09:00Z,82,21,21,40,81,67,0.09715025906735751
31090913950,2021-02-25T08:40:30Z,85,22,21,42,90,68,0.11962224554039874
31090913949,2021-02-24T09:07:00Z,86,22,21,43,115,68,0.10640608034744843
31055161182,2021-02-23T11:05:30Z,85,21,18,46,104,67,0.1773177317731773
31055161181,2021-02-22T08:02:30Z,84,22,20,42,103,66,0.14394765539803708
31037832061,2021-02-21T08:35:00Z,87,22,19,46,92,65,0.11456483126110124
31012846111,2021-02-20T06:44:00Z,79,22,20,37,98,65,0.11661807580174927
31012846110,2021-02-19T07:45:30Z,77,21,20,36,66,66,0.10703363914373089
31012846109,2021-02-18T06:01:30Z,64,17,20,27,75,65,0.13593539703903096
31012846108,2021-02-17T10:51:00Z,82,22,19,41,89,66,0.13760603204524033
31012846107,2021-02-16T09:55:00Z,90,23,21,46,115,65,0.08373904576436222
30943883820,2021-02-15T11:58:30Z,83,22,19,42,101,66,0.1185617103984451
30926148017,2021-02-14T04:48:00Z,69,17,20,32,75,65,0.11659192825112108
30926148016,2021-02-13T08:57:00Z,79,22,20,37,114,64,0.12232779097387174
30906298798,2021-02-12T09:50:30Z,71,17,20,34,68,65,0.10906701708278581
30906298797,2021-02-11T13:13:30Z,83,22,20,41,101,66,0.10053475935828877
30906298796,2021-02-10T10:19:00Z,86,22,22,42,99,66,0.09539121114683816
30906298795,2021-02-09T07:25:30Z,79,21,22,36,72,67,0.08160442600276625
30906298794,2021-02-08T16:37:00Z,67,21,20,26,52,68,0.0922242314647378
30906298793,2021-02-07T13:41:00Z,75,20,20,35,72,68,0.08755760368663594
30906298792,2021-02-06T09:54:30Z,76,21,20,35,53,68,0.1225296442687747
30808358607,2021-02-05T09:03:00Z,75,21,19,35,66,65,0.12244897959183673
30808358606,2021-02-04T12:09:30Z,82,21,19,42,92,65,0.13224043715846995
30808358605,2021-02-03T08:33:30Z,78,21,20,37,58,65,0.12895069532237674
30808358604,2021-02-02T08:16:30Z,81,19,22,40,87,65,0.09090909090909091
30808358603,2021-02-01T15:49:30Z,63,17,19,27,39,65,0.11546840958605664
30733761047,2021-01-31T11:25:00Z,77,20,18,39,42,63,0.13110846245530394
30733761046,2021-01-30T11:17:30Z,79,23,16,40,107,63,0.15463917525773196
30703536366,2021-01-29T06:49:30Z,81,21,19,41,95,63,0.13713713713713713
30689890848,2021-01-28T09:54:00Z,79,21,19,39,76,62,0.13606194690265486
30676803947,2021-01-27T10:18:30Z,86,23,18,45,113,62,0.15578764142732812
30660640029,2021-01-26T08:17:30Z,81,22,18,41,86,64,0.18984771573604062
30660858160,2021-01-25T08:41:00Z,76,21,20,35,68,65,0.13451086956521738
30633528099,2021-01-24T09:07:00Z,84,23,20,41,116,65,0.10914454277286136
30623469125,2021-01-23T09:23:00Z,80,22,19,39,89,64,0.14108910891089108
30607072398,2021-01-22T05:05:30Z,71,20,20,31,40,64,0.09711286089238845
30597457443,2021-01-21T08:01:30Z,84,23,19,42,110,63,0.1309164149043303
30580232951,2021-01-20T07:07:30Z,78,22,17,39,85,62,0.19466975666280417
30558076058,2021-01-19T07:05:00Z,85,23,20,42,127,62,0.11957671957671957
30543222370,2021-01-18T06:39:30Z,83,22,19,42,94,61,0.12714429868819374
30529632364,2021-01-17T06:58:30Z,85,23,16,46,108,60,0.14285714285714285
30514142517,2021-01-16T05:12:30Z,75,21,17,37,66,60,0.17202970297029702
30498775681,2021-01-15T05:49:30Z,82,23,19,40,109,61,0.12906220984215414
30492013371,2021-01-14T05:04:00Z,80,22,19,39,94,62,0.1273957158962796
30471382554,2021-01-13T07:33:30Z,86,22,19,45,105,63,0.1257189811010682
30454893464,2021-01-12T02:39:00Z,71,20,17,34,75,64,0.1791044776119403
30454893461,2021-01-09T22:28:00Z,69,21,16,32,67,63,0.15789473684210525
30407494226,2021-01-09T07:26:30Z,51,15,17,19,35,63,0.13822894168466524
30408350369,2021-01-08T22:58:30Z,73,21,20,32,48,66,0.12984822934232715
30392308757,2021-01-08T03:45:30Z,71,17,18,36,72,66,0.16382699868938402
30381289779,2021-01-07T05:53:00Z,61,17,18,26,45,65,0.15891472868217055
30374167658,2021-01-06T19:41:00Z,68,21,19,28,61,66,0.11372549019607843
30367661018,2021-01-06T04:45:30Z,61,16,20,25,49,66,0.10124333925399645
30367661017,2021-01-05T08:51:30Z,68,17,18,33,79,66,0.1080368906455863
30346743613,2021-01-04T21:47:00Z,61,21,13,27,40,64,0.10191082802547771
30330606033,2021-01-03T17:54:30Z,77,22,17,38,87,63,0.16188714153561518
30329362729,2021-01-01T17:45:30Z,72,21,16,35,71,63,0.11155378486055777
30300901225,2020-12-31T15:31:30Z,80,22,19,39,93,63,0.1313035204567079
30271552724,2020-12-30T07:30:30Z,76,18,19,39,92,64,0.14905450500556172
30271552723,2020-12-29T14:55:30Z,80,21,20,39,52,65,0.13028169014084506
30271552722,2020-12-28T14:41:00Z,74,21,19,34,58,65,0.1283987915407855
30271552721,2020-12-28T03:46:00Z,59,16,15,28,55,65,0.10377358490566038
30271552720,2020-12-27T14:13:30Z,73,18,19,36,71,66,0.1536189069423929
30271552719,2020-12-26T14:59:30Z,77,19,21,37,82,66,0.11096433289299867
30220401515,2020-12-25T13:03:30Z,72,19,17,36,93,65,0.11659807956104253
30194220527,2020-12-24T09:40:30Z,83,23,18,42,113,64,0.14540059347181009
30183030035,2020-12-23T09:59:30Z,80,21,20,39,65,66,0.1329608938547486
30171967028,2020-12-22T09:01:30Z,82,21,19,42,77,66,0.13879781420765028
30161139232,2020-12-21T13:33:30Z,78,22,18,38,85,66,0.12529550827423167
30160860970,2020-12-20T14:59:30Z,73,18,17,38,60,66,0.10727496917385944
30137069480,2020-12-19T12:40:30Z,82,22,19,41,90,68,0.13431269674711438
30125211778,2020-12-18T10:36:30Z,85,22,19,44,90,69,0.1405335068314899
30116345216,2020-12-17T03:50:00Z,65,19,18,28,46,67,0.08641975308641975
30100383134,2020-12-16T13:05:30Z,62,20,15,27,37,65,0.18160919540229886
30099227278,2020-12-16T04:02:00Z,51,12,12,27,30,65,0.11428571428571428
30084469237,2020-12-15T13:55:30Z,66,20,20,26,34,64,0.09812108559498957
30084359913,2020-12-15T04:37:00Z,67,21,18,28,44,64,0.0962800875273523
30065592383,2020-12-14T08:35:00Z,79,20,20,39,56,66,0.13885778275475924
30053253510,2020-12-13T11:27:30Z,88,22,21,45,87,68,0.11063094209161625
30039830599,2020-12-12T07:54:00Z,83,20,20,43,89,71,0.08886509635974305
29990296553,2020-12-08T10:58:30Z,78,21,19,38,84,69,0.12546125461254612
29979077616,2020-12-07T15:06:00Z,76,21,19,36,64,69,0.14526588845654995
29963837287,2020-12-06T11:11:30Z,73,18,19,36,90,67,0.13554987212276215
29951761474,2020-12-05T11:25:00Z,79,21,20,38,67,67,0.12303980699638119
29939426227,2020-12-04T11:17:30Z,87,21,20,46,99,68,0.11061552185548618
29923765602,2020-12-03T08:06:30Z,81,21,20,40,77,68,0.11723329425556858
29915279543,2020-12-02T13:26:30Z,65,17,20,28,18,67,0.10249307479224377
29910696545,2020-12-02T02:43:00Z,71,21,14,36,64,67,0.1403091557669441
29890114565,2020-11-30T14:14:30Z,81,21,19,41,78,68,0.1601685985247629
29890114564,2020-11-29T14:17:00Z,84,20,18,46,67,67,0.16110581506196378
29868433079,2020-11-28T13:22:30Z,87,22,19,46,105,68,0.13774104683195593
29853221140,2020-11-27T13:18:30Z,78,23,18,37,113,67,0.12048192771084337
29841944747,2020-11-26T09:28:30Z,75,20,19,36,93,69,0.12446958981612447
29841944746,2020-11-25T08:03:30Z,74,21,21,32,79,69,0.11647254575707154
29822080104,2020-11-24T04:42:00Z,64,17,20,27,55,68,0.11594202898550725
29804014702,2020-11-23T12:00:30Z,81,21,21,39,68,70,0.1273532668881506
29803097696,2020-11-22T13:54:00Z,74,19,18,37,87,70,0.17257142857142857
29779224099,2020-11-21T12:29:30Z,88,22,21,45,105,71,0.11353711790393013
29767680009,2020-11-20T10:36:00Z,69,20,21,28,37,71,0.09876543209876543
29767680008,2020-11-20T04:55:30Z,66,18,20,28,64,71,0.11561866125760649
29753996156,2020-11-19T06:19:00Z,68,16,22,30,56,71,0.08845577211394302
29737387219,2020-11-18T12:00:00Z,70,19,20,31,57,71,0.13566433566433567
29737294348,2020-11-18T04:18:30Z,52,16,14,22,62,71,0.15254237288135594
29709433605,2020-11-16T13:03:30Z,87,22,19,46,99,70,0.12850678733031673
29697431287,2020-11-15T09:57:30Z,77,21,20,36,79,70,0.14285714285714285
29685776750,2020-11-14T13:43:30Z,80,21,20,39,79,71,0.13942857142857143
29673939248,2020-11-13T14:37:30Z,80,22,20,38,90,73,0.11563731931668857
29671575091,2020-11-12T10:50:30Z,74,19,20,35,71,73,0.1308016877637131
29649139545,2020-11-11T12:22:00Z,75,19,19,37,80,73,0.17391304347826086
29634694226,2020-11-10T11:26:30Z,81,21,20,40,75,75,0.13736903376018628
29621843676,2020-11-09T12:08:30Z,79,21,16,42,96,73,0.17893660531697342
29607769781,2020-11-08T11:21:00Z,74,22,16,36,84,71,0.16643356643356644
29595445098,2020-11-07T12:45:30Z,88,23,19,46,122,70,0.11251125112511251
29585481064,2020-11-06T10:12:00Z,77,21,18,38,80,68,0.146163215590743
29568747698,2020-11-05T09:41:00Z,80,21,21,38,62,69,0.10630407911001236
29556220586,2020-11-04T10:09:30Z,85,20,19,46,109,69,0.1276794035414725
29544670652,2020-11-03T07:43:00Z,74,21,20,33,63,68,0.11912751677852348
29528771483,2020-11-02T09:54:30Z,83,22,19,42,86,71,0.14657666345226616
29515513576,2020-11-01T08:30:30Z,77,18,20,39,63,70,0.11538461538461539
29504861387,2020-10-31T09:14:30Z,61,20,12,29,46,68,0.1191806331471136
29492764936,2020-10-30T09:00:30Z,77,21,18,38,81,67,0.14223669923995658
29462470242,2020-10-28T08:13:30Z,76,19,19,38,89,68,0.1419828641370869
29444991595,2020-10-27T08:02:00Z,77,19,20,38,65,68,0.14022140221402213
29432103568,2020-10-26T11:44:30Z,81,22,18,41,98,69,0.20533070088845015
29418770985,2020-10-25T11:02:30Z,86,22,18,46,84,70,0.17063870352716873
29405574825,2020-10-24T08:55:30Z,76,21,17,38,69,68,0.1610978520286396
29393668871,2020-10-23T11:03:30Z,80,21,17,42,58,68,0.2017259978425027
29378427348,2020-10-22T07:27:30Z,73,19,18,36,51,68,0.16262135922330098
29366400127,2020-10-21T08:16:30Z,83,21,19,43,65,68,0.1256544502617801
29356041433,2020-10-20T08:12:00Z,65,21,16,28,48,67,0.12560386473429952
29341203007,2020-10-19T10:42:30Z,83,22,17,44,92,69,0.1899392888117953
29326145160,2020-10-18T06:07:30Z,77,21,20,36,62,68,0.12981455064194009
29315630749,2020-10-17T11:12:30Z,81,23,17,41,111,66,0.14945919370698132
29302905260,2020-10-16T10:30:30Z,81,22,18,41,106,67,0.1900990099009901
29294653360,2020-10-15T08:41:00Z,77,23,19,35,109,69,0.18331226295828065
29278741526,2020-10-14T08:16:30Z,78,20,20,38,81,68,0.1198501872659176
29263351126,2020-10-13T07:04:30Z,75,21,20,34,65,69,0.13940256045519203
29248551614,2020-10-12T08:11:30Z,69,20,18,31,71,71,0.19883040935672514
29232532977,2020-10-11T08:54:30Z,78,22,17,39,103,69,0.16490891658676893
29222519047,2020-10-10T10:31:30Z,69,19,16,34,44,68,0.13893129770992366
29208576527,2020-10-09T09:01:30Z,81,22,20,39,83,67,0.10484780157835401
29196769636,2020-10-08T08:12:30Z,72,18,21,33,54,68,0.12050078247261346
29185810956,2020-10-07T10:25:00Z,74,18,19,37,78,68,0.13670886075949368
29164964273,2020-10-06T08:19:30Z,64,21,17,26,41,67,0.18798151001540833
29124804306,2020-10-03T10:22:30Z,79,21,20,38,75,68,0.1488673139158576
29111758226,2020-10-02T08:13:30Z,80,22,19,39,89,70,0.14238042269187987
29099957287,2020-10-01T06:58:30Z,69,21,15,33,55,69,0.19940029985007496
29056912929,2020-09-28T06:25:00Z,78,22,18,38,83,67,0.15498154981549817
29046356548,2020-09-27T09:49:30Z,79,21,18,40,73,67,0.17735849056603772
29033564406,2020-09-26T08:01:30Z,78,20,20,38,94,67,0.11484290357529794
29021954162,2020-09-25T09:15:30Z,83,21,17,45,86,65,0.1302367941712204
29009750612,2020-09-24T08:37:30Z,77,22,15,40,106,63,0.15518913676042678
28995520522,2020-09-23T05:14:30Z,70,21,15,34,47,64,0.17890520694259013
28982235712,2020-09-22T07:52:30Z,69,21,18,30,55,64,0.13616398243045388
28966507679,2020-09-21T08:02:30Z,72,18,18,36,74,69,0.20689655172413793
